method,clusters,sil_score,ari
ward,3,0.40318096873161324,1.0
ward,5,0.43024171388819865,1.0
ward,6,0.3566217431812733,1.0
ward,8,0.33944587921817987,1.0
single,5,0.7519372491209224,1.0
single,7,0.7519356254358912,1.0
average,4,0.8670317199050871,1.0
average,6,0.7557358978553523,1.0
average,9,0.6991099034343152,1.0
complete,4,0.8489317512860173,1.0
complete,6,0.7020466435299201,1.0
complete,9,0.7007969896853637,1.0
